repo,url,decision,reason,diskUsage,isArchived,notion_matched
2-brothers-auto-service-mufflers-preview-m6kt,https://github.com/nsheetzdesign/2-brothers-auto-service-mufflers-preview-m6kt,DELETE,preview-style name (generated site),24,False,
24hour-air-conditioning-repair-preview-7u7i,https://github.com/nsheetzdesign/24hour-air-conditioning-repair-preview-7u7i,DELETE,preview-style name (generated site),24,False,
a-a-automobile-service-inc-preview-31ep,https://github.com/nsheetzdesign/a-a-automobile-service-inc-preview-31ep,DELETE,preview-style name (generated site),21,False,
a-a-automobile-service-inc-preview-3rvo,https://github.com/nsheetzdesign/a-a-automobile-service-inc-preview-3rvo,DELETE,preview-style name (generated site),2,False,
a-g-automotive-preview-j3p9,https://github.com/nsheetzdesign/a-g-automotive-preview-j3p9,DELETE,preview-style name (generated site),24,False,
a-m-electrical-llc-preview-ylca,https://github.com/nsheetzdesign/a-m-electrical-llc-preview-ylca,DELETE,preview-style name (generated site),24,False,
a-sparkling-solutions-cleaning-services-preview-8wku,https://github.com/nsheetzdesign/a-sparkling-solutions-cleaning-services-preview-8wku,DELETE,preview-style name (generated site),4,False,
a-sparkling-solutions-cleaning-services-preview-o7pn,https://github.com/nsheetzdesign/a-sparkling-solutions-cleaning-services-preview-o7pn,DELETE,preview-style name (generated site),21,False,
a-tech-auto-preview-mbvl,https://github.com/nsheetzdesign/a-tech-auto-preview-mbvl,DELETE,preview-style name (generated site),21,False,
a-to-z-auto-repair-villa-park-illinois-preview-y9x6,https://github.com/nsheetzdesign/a-to-z-auto-repair-villa-park-illinois-preview-y9x6,DELETE,preview-style name (generated site),24,False,
accolade-electrical-chicago-il-preview-9jnq,https://github.com/nsheetzdesign/accolade-electrical-chicago-il-preview-9jnq,DELETE,preview-style name (generated site),21,False,
accolade-electrical-chicago-il-preview-onir,https://github.com/nsheetzdesign/accolade-electrical-chicago-il-preview-onir,DELETE,preview-style name (generated site),0,False,
action-electric-preview-5sgp,https://github.com/nsheetzdesign/action-electric-preview-5sgp,DELETE,preview-style name (generated site),3,False,
active-roofing-solutions-llc-preview-kes8,https://github.com/nsheetzdesign/active-roofing-solutions-llc-preview-kes8,DELETE,preview-style name (generated site),24,False,
addison-heating-air-conditioning-preview-1ta3,https://github.com/nsheetzdesign/addison-heating-air-conditioning-preview-1ta3,DELETE,preview-style name (generated site),0,False,
advanced-landscaping-tree-service-preview-97s3,https://github.com/nsheetzdesign/advanced-landscaping-tree-service-preview-97s3,DELETE,preview-style name (generated site),24,False,
advantage-electric-preview-tbzf,https://github.com/nsheetzdesign/advantage-electric-preview-tbzf,DELETE,preview-style name (generated site),25,False,
agc-electric-inc-preview-iym6,https://github.com/nsheetzdesign/agc-electric-inc-preview-iym6,DELETE,preview-style name (generated site),2,False,
agc-electric-inc-preview-tz4m,https://github.com/nsheetzdesign/agc-electric-inc-preview-tz4m,DELETE,preview-style name (generated site),21,False,
aguilera-auto-repair-preview-u8br,https://github.com/nsheetzdesign/aguilera-auto-repair-preview-u8br,DELETE,preview-style name (generated site),25,False,
air-conditioner-repair-hvac-contractors--preview-cfbs,https://github.com/nsheetzdesign/air-conditioner-repair-hvac-contractors--preview-cfbs,DELETE,preview-style name (generated site),21,False,
air-conditioner-repair-hvac-contractors-tem-control-ac-repairman-preview-q6cj,https://github.com/nsheetzdesign/air-conditioner-repair-hvac-contractors-tem-control-ac-repairman-preview-q6cj,DELETE,preview-style name (generated site),3,False,
air-conditioning-heating-chicago-preview-5ee3,https://github.com/nsheetzdesign/air-conditioning-heating-chicago-preview-5ee3,DELETE,preview-style name (generated site),0,False,
air-conditioning-heating-chicago-preview-q3g9,https://github.com/nsheetzdesign/air-conditioning-heating-chicago-preview-q3g9,DELETE,preview-style name (generated site),21,False,
air-heating-air-conditioning-refrigeration-preview-hkap,https://github.com/nsheetzdesign/air-heating-air-conditioning-refrigeration-preview-hkap,DELETE,preview-style name (generated site),0,False,
alianza-complete-auto-repair-preview-vn3g,https://github.com/nsheetzdesign/alianza-complete-auto-repair-preview-vn3g,DELETE,preview-style name (generated site),21,False,
alianza-complete-auto-repair-preview-yxp1,https://github.com/nsheetzdesign/alianza-complete-auto-repair-preview-yxp1,DELETE,preview-style name (generated site),0,False,
all-auto-truck-inc-preview-5m84,https://github.com/nsheetzdesign/all-auto-truck-inc-preview-5m84,DELETE,preview-style name (generated site),3,False,
all-auto-truck-inc-preview-kqih,https://github.com/nsheetzdesign/all-auto-truck-inc-preview-kqih,DELETE,preview-style name (generated site),21,False,
all-season-heating-cooling-refrigeration-preview-x12z,https://github.com/nsheetzdesign/all-season-heating-cooling-refrigeration-preview-x12z,DELETE,preview-style name (generated site),24,False,
alltown-electric-inc-local-electrician-e-preview-a4nw,https://github.com/nsheetzdesign/alltown-electric-inc-local-electrician-e-preview-a4nw,DELETE,preview-style name (generated site),21,False,
alltown-electric-inc-local-electrician-electrician-preview-hz42,https://github.com/nsheetzdesign/alltown-electric-inc-local-electrician-electrician-preview-hz42,DELETE,preview-style name (generated site),0,False,
ams-automotive-inc-preview-knl6,https://github.com/nsheetzdesign/ams-automotive-inc-preview-knl6,DELETE,preview-style name (generated site),21,False,
ams-automotive-inc-preview-p9qa,https://github.com/nsheetzdesign/ams-automotive-inc-preview-p9qa,DELETE,preview-style name (generated site),0,False,
ane-andrade-handyman-inc-preview-7704,https://github.com/nsheetzdesign/ane-andrade-handyman-inc-preview-7704,DELETE,preview-style name (generated site),0,False,
aprecise-electric-preview-0ibg,https://github.com/nsheetzdesign/aprecise-electric-preview-0ibg,DELETE,preview-style name (generated site),25,False,
aqua-roofing-maintenance-preview-7sqf,https://github.com/nsheetzdesign/aqua-roofing-maintenance-preview-7sqf,DELETE,preview-style name (generated site),21,False,
aqua-roofing-maintenance-preview-hx42,https://github.com/nsheetzdesign/aqua-roofing-maintenance-preview-hx42,DELETE,preview-style name (generated site),3,False,
aspect-plumbing-heating-preview-3oam,https://github.com/nsheetzdesign/aspect-plumbing-heating-preview-3oam,DELETE,preview-style name (generated site),21,False,
aspect-plumbing-heating-preview-jggn,https://github.com/nsheetzdesign/aspect-plumbing-heating-preview-jggn,DELETE,preview-style name (generated site),0,False,
aspect-roofing-co-preview-grqq,https://github.com/nsheetzdesign/aspect-roofing-co-preview-grqq,DELETE,preview-style name (generated site),25,False,
aubuchon-electric-inc-preview-gkam,https://github.com/nsheetzdesign/aubuchon-electric-inc-preview-gkam,DELETE,preview-style name (generated site),21,False,
aubuchon-electric-inc-preview-iao4,https://github.com/nsheetzdesign/aubuchon-electric-inc-preview-iao4,DELETE,preview-style name (generated site),2,False,
auto-repair-plus-preview-0vod,https://github.com/nsheetzdesign/auto-repair-plus-preview-0vod,DELETE,preview-style name (generated site),3,False,
aztec-roofing-repairs-preview-2843,https://github.com/nsheetzdesign/aztec-roofing-repairs-preview-2843,DELETE,preview-style name (generated site),24,False,
b-swift-painting-decorating-preview-ep81,https://github.com/nsheetzdesign/b-swift-painting-decorating-preview-ep81,DELETE,preview-style name (generated site),0,False,
barry-s-roofing-llc-preview-y2gc,https://github.com/nsheetzdesign/barry-s-roofing-llc-preview-y2gc,DELETE,preview-style name (generated site),0,False,
barrys-roofing-llc-preview-y67l,https://github.com/nsheetzdesign/barrys-roofing-llc-preview-y67l,DELETE,preview-style name (generated site),21,False,
beny-s-cleaning-services-preview-zpfv,https://github.com/nsheetzdesign/beny-s-cleaning-services-preview-zpfv,DELETE,preview-style name (generated site),24,False,
beverly-fence-company-preview-t4tg,https://github.com/nsheetzdesign/beverly-fence-company-preview-t4tg,DELETE,preview-style name (generated site),24,False,
bill-s-auto-center-preview-tl45,https://github.com/nsheetzdesign/bill-s-auto-center-preview-tl45,DELETE,preview-style name (generated site),0,False,
blitz-painting-handyman-service-preview-8knf,https://github.com/nsheetzdesign/blitz-painting-handyman-service-preview-8knf,DELETE,preview-style name (generated site),25,False,
brake-service-preview-ugf4,https://github.com/nsheetzdesign/brake-service-preview-ugf4,DELETE,preview-style name (generated site),0,False,
brake-service-preview-utfw,https://github.com/nsheetzdesign/brake-service-preview-utfw,DELETE,preview-style name (generated site),21,False,
brightness-cleaning-services-preview-e50l,https://github.com/nsheetzdesign/brightness-cleaning-services-preview-e50l,DELETE,preview-style name (generated site),4,False,
broad-shoulders-handyman-preview-w24p,https://github.com/nsheetzdesign/broad-shoulders-handyman-preview-w24p,DELETE,preview-style name (generated site),24,False,
business-name,https://github.com/nsheetzdesign/business-name,DELETE,REVIEW→DELETE (operator included),10,False,
business-preview-07pj,https://github.com/nsheetzdesign/business-preview-07pj,DELETE,preview-style name (generated site),24,False,
business-preview-0dcx,https://github.com/nsheetzdesign/business-preview-0dcx,DELETE,preview-style name (generated site),24,False,
business-preview-1ul1,https://github.com/nsheetzdesign/business-preview-1ul1,DELETE,preview-style name (generated site),25,False,
business-preview-2ehg,https://github.com/nsheetzdesign/business-preview-2ehg,DELETE,preview-style name (generated site),24,False,
business-preview-2jm3,https://github.com/nsheetzdesign/business-preview-2jm3,DELETE,preview-style name (generated site),24,False,
business-preview-2y4r,https://github.com/nsheetzdesign/business-preview-2y4r,DELETE,preview-style name (generated site),24,False,
business-preview-356s,https://github.com/nsheetzdesign/business-preview-356s,DELETE,preview-style name (generated site),24,False,
business-preview-3kcu,https://github.com/nsheetzdesign/business-preview-3kcu,DELETE,preview-style name (generated site),24,False,
business-preview-46ay,https://github.com/nsheetzdesign/business-preview-46ay,DELETE,preview-style name (generated site),2,False,
business-preview-49en,https://github.com/nsheetzdesign/business-preview-49en,DELETE,preview-style name (generated site),24,False,
business-preview-4mp7,https://github.com/nsheetzdesign/business-preview-4mp7,DELETE,preview-style name (generated site),24,False,
business-preview-50bb,https://github.com/nsheetzdesign/business-preview-50bb,DELETE,preview-style name (generated site),24,False,
business-preview-537s,https://github.com/nsheetzdesign/business-preview-537s,DELETE,preview-style name (generated site),24,False,
business-preview-5bm4,https://github.com/nsheetzdesign/business-preview-5bm4,DELETE,preview-style name (generated site),25,False,
business-preview-5hlm,https://github.com/nsheetzdesign/business-preview-5hlm,DELETE,preview-style name (generated site),25,False,
business-preview-5pvm,https://github.com/nsheetzdesign/business-preview-5pvm,DELETE,preview-style name (generated site),25,False,
business-preview-5zah,https://github.com/nsheetzdesign/business-preview-5zah,DELETE,preview-style name (generated site),23,False,
business-preview-6azz,https://github.com/nsheetzdesign/business-preview-6azz,DELETE,preview-style name (generated site),24,False,
business-preview-6eqd,https://github.com/nsheetzdesign/business-preview-6eqd,DELETE,preview-style name (generated site),24,False,
business-preview-73vu,https://github.com/nsheetzdesign/business-preview-73vu,DELETE,preview-style name (generated site),24,False,
business-preview-79iq,https://github.com/nsheetzdesign/business-preview-79iq,DELETE,preview-style name (generated site),3,False,
business-preview-8g2q,https://github.com/nsheetzdesign/business-preview-8g2q,DELETE,preview-style name (generated site),25,False,
business-preview-9dmg,https://github.com/nsheetzdesign/business-preview-9dmg,DELETE,preview-style name (generated site),25,False,
business-preview-a8ot,https://github.com/nsheetzdesign/business-preview-a8ot,DELETE,preview-style name (generated site),24,False,
business-preview-au35,https://github.com/nsheetzdesign/business-preview-au35,DELETE,preview-style name (generated site),24,False,
business-preview-bceq,https://github.com/nsheetzdesign/business-preview-bceq,DELETE,preview-style name (generated site),24,False,
business-preview-brxo,https://github.com/nsheetzdesign/business-preview-brxo,DELETE,preview-style name (generated site),24,False,
business-preview-ezem,https://github.com/nsheetzdesign/business-preview-ezem,DELETE,preview-style name (generated site),24,False,
business-preview-f5km,https://github.com/nsheetzdesign/business-preview-f5km,DELETE,preview-style name (generated site),24,False,
business-preview-gtga,https://github.com/nsheetzdesign/business-preview-gtga,DELETE,preview-style name (generated site),24,False,
business-preview-ift9,https://github.com/nsheetzdesign/business-preview-ift9,DELETE,preview-style name (generated site),24,False,
business-preview-j903,https://github.com/nsheetzdesign/business-preview-j903,DELETE,preview-style name (generated site),24,False,
business-preview-jfol,https://github.com/nsheetzdesign/business-preview-jfol,DELETE,preview-style name (generated site),25,False,
business-preview-k2w5,https://github.com/nsheetzdesign/business-preview-k2w5,DELETE,preview-style name (generated site),24,False,
business-preview-k6jo,https://github.com/nsheetzdesign/business-preview-k6jo,DELETE,preview-style name (generated site),24,False,
business-preview-kexl,https://github.com/nsheetzdesign/business-preview-kexl,DELETE,preview-style name (generated site),24,False,
business-preview-kfbd,https://github.com/nsheetzdesign/business-preview-kfbd,DELETE,preview-style name (generated site),25,False,
business-preview-kxk4,https://github.com/nsheetzdesign/business-preview-kxk4,DELETE,preview-style name (generated site),24,False,
business-preview-kz3g,https://github.com/nsheetzdesign/business-preview-kz3g,DELETE,preview-style name (generated site),3,False,
business-preview-l4vu,https://github.com/nsheetzdesign/business-preview-l4vu,DELETE,preview-style name (generated site),24,False,
business-preview-m2az,https://github.com/nsheetzdesign/business-preview-m2az,DELETE,preview-style name (generated site),2,False,
business-preview-oq4u,https://github.com/nsheetzdesign/business-preview-oq4u,DELETE,preview-style name (generated site),24,False,
business-preview-pqk9,https://github.com/nsheetzdesign/business-preview-pqk9,DELETE,preview-style name (generated site),25,False,
business-preview-q2ba,https://github.com/nsheetzdesign/business-preview-q2ba,DELETE,preview-style name (generated site),25,False,
business-preview-q3et,https://github.com/nsheetzdesign/business-preview-q3et,DELETE,preview-style name (generated site),24,False,
business-preview-q5j6,https://github.com/nsheetzdesign/business-preview-q5j6,DELETE,preview-style name (generated site),3,False,
business-preview-q824,https://github.com/nsheetzdesign/business-preview-q824,DELETE,preview-style name (generated site),2,False,
business-preview-qeu8,https://github.com/nsheetzdesign/business-preview-qeu8,DELETE,preview-style name (generated site),24,False,
business-preview-qh3l,https://github.com/nsheetzdesign/business-preview-qh3l,DELETE,preview-style name (generated site),24,False,
business-preview-qjrw,https://github.com/nsheetzdesign/business-preview-qjrw,DELETE,preview-style name (generated site),24,False,
business-preview-re30,https://github.com/nsheetzdesign/business-preview-re30,DELETE,preview-style name (generated site),3,False,
business-preview-rfo9,https://github.com/nsheetzdesign/business-preview-rfo9,DELETE,preview-style name (generated site),24,False,
business-preview-rhk6,https://github.com/nsheetzdesign/business-preview-rhk6,DELETE,preview-style name (generated site),24,False,
business-preview-rqjo,https://github.com/nsheetzdesign/business-preview-rqjo,DELETE,preview-style name (generated site),3,False,
business-preview-t19b,https://github.com/nsheetzdesign/business-preview-t19b,DELETE,preview-style name (generated site),25,False,
business-preview-teoh,https://github.com/nsheetzdesign/business-preview-teoh,DELETE,preview-style name (generated site),24,False,
business-preview-tqou,https://github.com/nsheetzdesign/business-preview-tqou,DELETE,preview-style name (generated site),2,False,
business-preview-u0n2,https://github.com/nsheetzdesign/business-preview-u0n2,DELETE,preview-style name (generated site),3,False,
business-preview-w0wj,https://github.com/nsheetzdesign/business-preview-w0wj,DELETE,preview-style name (generated site),24,False,
business-preview-w6fh,https://github.com/nsheetzdesign/business-preview-w6fh,DELETE,preview-style name (generated site),24,False,
business-preview-y72t,https://github.com/nsheetzdesign/business-preview-y72t,DELETE,preview-style name (generated site),24,False,
business-preview-z4ta,https://github.com/nsheetzdesign/business-preview-z4ta,DELETE,preview-style name (generated site),24,False,
business-preview-zyu9,https://github.com/nsheetzdesign/business-preview-zyu9,DELETE,preview-style name (generated site),24,False,
byron-electrical-services-preview-d8ym,https://github.com/nsheetzdesign/byron-electrical-services-preview-d8ym,DELETE,preview-style name (generated site),21,False,
c-d-automotive-preview-r8cz,https://github.com/nsheetzdesign/c-d-automotive-preview-r8cz,DELETE,preview-style name (generated site),24,False,
caldwell-plumbing-co-preview-8u89,https://github.com/nsheetzdesign/caldwell-plumbing-co-preview-8u89,DELETE,preview-style name (generated site),25,False,
campos-cleaning-service-preview-sld8,https://github.com/nsheetzdesign/campos-cleaning-service-preview-sld8,DELETE,preview-style name (generated site),24,False,
captain-rooter-emergency-plumbers-preview-jfgt,https://github.com/nsheetzdesign/captain-rooter-emergency-plumbers-preview-jfgt,DELETE,preview-style name (generated site),21,False,
captain-rooter-emergency-plumbers-preview-zdlv,https://github.com/nsheetzdesign/captain-rooter-emergency-plumbers-preview-zdlv,DELETE,preview-style name (generated site),3,False,
cardinal-drywall-and-painting-services-preview-m4ua,https://github.com/nsheetzdesign/cardinal-drywall-and-painting-services-preview-m4ua,DELETE,preview-style name (generated site),26,False,
carol-stream-heating-cooling-preview-ho2c,https://github.com/nsheetzdesign/carol-stream-heating-cooling-preview-ho2c,DELETE,preview-style name (generated site),21,False,
carol-stream-heating-cooling-preview-u3oc,https://github.com/nsheetzdesign/carol-stream-heating-cooling-preview-u3oc,DELETE,preview-style name (generated site),3,False,
carol-stream-motortek-preview-scyb,https://github.com/nsheetzdesign/carol-stream-motortek-preview-scyb,DELETE,preview-style name (generated site),21,False,
carol-stream-motortek-preview-zwog,https://github.com/nsheetzdesign/carol-stream-motortek-preview-zwog,DELETE,preview-style name (generated site),4,False,
chicago-drain-masters-plumbing-24-7-preview-2499,https://github.com/nsheetzdesign/chicago-drain-masters-plumbing-24-7-preview-2499,DELETE,preview-style name (generated site),3,False,
chicago-heating-cooling-preview-q0yy,https://github.com/nsheetzdesign/chicago-heating-cooling-preview-q0yy,DELETE,preview-style name (generated site),24,False,
chicago4wd-auto-repair-preview-fj7g,https://github.com/nsheetzdesign/chicago4wd-auto-repair-preview-fj7g,DELETE,preview-style name (generated site),4,False,
ciosek-tree-services-preview-6r8s,https://github.com/nsheetzdesign/ciosek-tree-services-preview-6r8s,DELETE,preview-style name (generated site),3,False,
cleaning-service-in-elmhurst-preview-6t5t,https://github.com/nsheetzdesign/cleaning-service-in-elmhurst-preview-6t5t,DELETE,preview-style name (generated site),4,False,
cleaning-service-in-elmhurst-preview-sb3w,https://github.com/nsheetzdesign/cleaning-service-in-elmhurst-preview-sb3w,DELETE,preview-style name (generated site),21,False,
colab_demo,https://github.com/nsheetzdesign/colab_demo,DELETE,REVIEW→DELETE (operator included),0,False,
cool-flow-automotive-preview-j48d,https://github.com/nsheetzdesign/cool-flow-automotive-preview-j48d,DELETE,preview-style name (generated site),21,False,
cool-flow-automotive-preview-sso6,https://github.com/nsheetzdesign/cool-flow-automotive-preview-sso6,DELETE,preview-style name (generated site),2,False,
crawford-roofing-solutions-preview-ozdp,https://github.com/nsheetzdesign/crawford-roofing-solutions-preview-ozdp,DELETE,preview-style name (generated site),21,False,
crawford-roofing-solutions-preview-pl9r,https://github.com/nsheetzdesign/crawford-roofing-solutions-preview-pl9r,DELETE,preview-style name (generated site),3,False,
cruz-fence-llc-preview-b5c0,https://github.com/nsheetzdesign/cruz-fence-llc-preview-b5c0,DELETE,preview-style name (generated site),21,False,
cruz-fence-llc-preview-m2px,https://github.com/nsheetzdesign/cruz-fence-llc-preview-m2px,DELETE,preview-style name (generated site),0,False,
darrell-drywall-painting-preview-03ol,https://github.com/nsheetzdesign/darrell-drywall-painting-preview-03ol,DELETE,preview-style name (generated site),21,False,
darrell-drywall-painting-preview-8934,https://github.com/nsheetzdesign/darrell-drywall-painting-preview-8934,DELETE,preview-style name (generated site),0,False,
dash-electrician-preview-o79m,https://github.com/nsheetzdesign/dash-electrician-preview-o79m,DELETE,preview-style name (generated site),21,False,
dash-electrician-preview-zj9t,https://github.com/nsheetzdesign/dash-electrician-preview-zj9t,DELETE,preview-style name (generated site),0,False,
davies-painting-decorating-preview-1f22,https://github.com/nsheetzdesign/davies-painting-decorating-preview-1f22,DELETE,preview-style name (generated site),25,False,
dehne-handyman-preview-9v0o,https://github.com/nsheetzdesign/dehne-handyman-preview-9v0o,DELETE,preview-style name (generated site),24,False,
doyle-electrical-contracting-preview-4pyn,https://github.com/nsheetzdesign/doyle-electrical-contracting-preview-4pyn,DELETE,preview-style name (generated site),21,False,
doyle-electrical-contracting-preview-wnuc,https://github.com/nsheetzdesign/doyle-electrical-contracting-preview-wnuc,DELETE,preview-style name (generated site),0,False,
e-t-landscaping-preview-8gij,https://github.com/nsheetzdesign/e-t-landscaping-preview-8gij,DELETE,preview-style name (generated site),3,False,
easy-call-plumbing-preview-03qk,https://github.com/nsheetzdesign/easy-call-plumbing-preview-03qk,DELETE,preview-style name (generated site),0,False,
edison-electricians-of-naperville-preview-l1ph,https://github.com/nsheetzdesign/edison-electricians-of-naperville-preview-l1ph,DELETE,preview-style name (generated site),24,False,
electrician-s-precision-pros-preview-ajzn,https://github.com/nsheetzdesign/electrician-s-precision-pros-preview-ajzn,DELETE,preview-style name (generated site),0,False,
electricians-precision-pros-preview-0975,https://github.com/nsheetzdesign/electricians-precision-pros-preview-0975,DELETE,preview-style name (generated site),21,False,
elite-heating-and-cooling-llc-preview-ne3u,https://github.com/nsheetzdesign/elite-heating-and-cooling-llc-preview-ne3u,DELETE,preview-style name (generated site),21,False,
elite-heating-and-cooling-llc-preview-poqj,https://github.com/nsheetzdesign/elite-heating-and-cooling-llc-preview-poqj,DELETE,preview-style name (generated site),3,False,
ellyn-cleaners-preview-avo1,https://github.com/nsheetzdesign/ellyn-cleaners-preview-avo1,DELETE,preview-style name (generated site),24,False,
elmhurst-electrical-preview-otp7,https://github.com/nsheetzdesign/elmhurst-electrical-preview-otp7,DELETE,preview-style name (generated site),21,False,
elmhurst-electrical-preview-r0oq,https://github.com/nsheetzdesign/elmhurst-electrical-preview-r0oq,DELETE,preview-style name (generated site),3,False,
elmwood-cleaning-corp-preview-ol1p,https://github.com/nsheetzdesign/elmwood-cleaning-corp-preview-ol1p,DELETE,preview-style name (generated site),25,False,
emmett-s-speedy-plumbing-company-preview-7wjh,https://github.com/nsheetzdesign/emmett-s-speedy-plumbing-company-preview-7wjh,DELETE,preview-style name (generated site),3,False,
emmetts-speedy-plumbing-company-preview-va78,https://github.com/nsheetzdesign/emmetts-speedy-plumbing-company-preview-va78,DELETE,preview-style name (generated site),21,False,
empire-tree-services-preview-bn4p,https://github.com/nsheetzdesign/empire-tree-services-preview-bn4p,DELETE,preview-style name (generated site),24,False,
equinox-roofing-preview-527q,https://github.com/nsheetzdesign/equinox-roofing-preview-527q,DELETE,preview-style name (generated site),21,False,
equinox-roofing-preview-iuds,https://github.com/nsheetzdesign/equinox-roofing-preview-iuds,DELETE,preview-style name (generated site),0,False,
eurotech-service-inc-preview-dohd,https://github.com/nsheetzdesign/eurotech-service-inc-preview-dohd,DELETE,preview-style name (generated site),25,False,
everservice-preview-tfpx,https://github.com/nsheetzdesign/everservice-preview-tfpx,DELETE,preview-style name (generated site),0,False,
excel-home-exteriors-inc-preview-gx1k,https://github.com/nsheetzdesign/excel-home-exteriors-inc-preview-gx1k,DELETE,preview-style name (generated site),3,False,
excellent-electric-preview-jotw,https://github.com/nsheetzdesign/excellent-electric-preview-jotw,DELETE,preview-style name (generated site),21,False,
excellent-electric-preview-rfrb,https://github.com/nsheetzdesign/excellent-electric-preview-rfrb,DELETE,preview-style name (generated site),3,False,
expert-house-cleaning-preview-0xk0,https://github.com/nsheetzdesign/expert-house-cleaning-preview-0xk0,DELETE,preview-style name (generated site),3,False,
expert-house-cleaning-preview-8ctq,https://github.com/nsheetzdesign/expert-house-cleaning-preview-8ctq,DELETE,preview-style name (generated site),21,False,
extreme-auto-care-preview-jzz2,https://github.com/nsheetzdesign/extreme-auto-care-preview-jzz2,DELETE,preview-style name (generated site),0,False,
fahrenheit-mechanical-preview-vb5h,https://github.com/nsheetzdesign/fahrenheit-mechanical-preview-vb5h,DELETE,preview-style name (generated site),0,False,
fam-build-handyman-preview-hncx,https://github.com/nsheetzdesign/fam-build-handyman-preview-hncx,DELETE,preview-style name (generated site),25,False,
fb-landscaping-llc-preview-0s7m,https://github.com/nsheetzdesign/fb-landscaping-llc-preview-0s7m,DELETE,preview-style name (generated site),21,False,
fb-landscaping-llc-preview-6s6n,https://github.com/nsheetzdesign/fb-landscaping-llc-preview-6s6n,DELETE,preview-style name (generated site),3,False,
fernandez-tree-service-inc-preview-9ipq,https://github.com/nsheetzdesign/fernandez-tree-service-inc-preview-9ipq,DELETE,preview-style name (generated site),21,False,
fernandez-tree-service-inc-preview-y5uw,https://github.com/nsheetzdesign/fernandez-tree-service-inc-preview-y5uw,DELETE,preview-style name (generated site),3,False,
fix-all-home-repair-remodeling-preview-96f7,https://github.com/nsheetzdesign/fix-all-home-repair-remodeling-preview-96f7,DELETE,preview-style name (generated site),0,False,
fix-all-home-repair-remodeling-preview-gw8b,https://github.com/nsheetzdesign/fix-all-home-repair-remodeling-preview-gw8b,DELETE,preview-style name (generated site),21,False,
francis-heating-and-cooling-service-preview-6ojb,https://github.com/nsheetzdesign/francis-heating-and-cooling-service-preview-6ojb,DELETE,preview-style name (generated site),4,False,
francis-heating-and-cooling-service-preview-816p,https://github.com/nsheetzdesign/francis-heating-and-cooling-service-preview-816p,DELETE,preview-style name (generated site),3,False,
frontier-heating-and-cooling-services-ll-preview-z26b,https://github.com/nsheetzdesign/frontier-heating-and-cooling-services-ll-preview-z26b,DELETE,preview-style name (generated site),21,False,
frontier-heating-and-cooling-services-llc-preview-zr4f,https://github.com/nsheetzdesign/frontier-heating-and-cooling-services-llc-preview-zr4f,DELETE,preview-style name (generated site),3,False,
garcia-s-project-landscape-hardscape-construction-preview-6mru,https://github.com/nsheetzdesign/garcia-s-project-landscape-hardscape-construction-preview-6mru,DELETE,preview-style name (generated site),0,False,
glass-grass-landscaping-preview-6be4,https://github.com/nsheetzdesign/glass-grass-landscaping-preview-6be4,DELETE,preview-style name (generated site),3,False,
glass-grass-landscaping-preview-ui3b,https://github.com/nsheetzdesign/glass-grass-landscaping-preview-ui3b,DELETE,preview-style name (generated site),21,False,
glen-ellyn-roofing-preview-c86y,https://github.com/nsheetzdesign/glen-ellyn-roofing-preview-c86y,DELETE,preview-style name (generated site),21,False,
glen-ellyn-roofing-preview-g77n,https://github.com/nsheetzdesign/glen-ellyn-roofing-preview-g77n,DELETE,preview-style name (generated site),3,False,
gonzalez-handy-man-services-preview-l2p6,https://github.com/nsheetzdesign/gonzalez-handy-man-services-preview-l2p6,DELETE,preview-style name (generated site),24,False,
gordon-s-electric-company-preview-kusn,https://github.com/nsheetzdesign/gordon-s-electric-company-preview-kusn,DELETE,preview-style name (generated site),0,False,
gordon-s-heating-and-cooling-preview-07to,https://github.com/nsheetzdesign/gordon-s-heating-and-cooling-preview-07to,DELETE,preview-style name (generated site),3,False,
gordons-electric-company-preview-c13m,https://github.com/nsheetzdesign/gordons-electric-company-preview-c13m,DELETE,preview-style name (generated site),21,False,
grove-automotive-preview-hti5,https://github.com/nsheetzdesign/grove-automotive-preview-hti5,DELETE,preview-style name (generated site),3,False,
grove-automotive-preview-qo84,https://github.com/nsheetzdesign/grove-automotive-preview-qo84,DELETE,preview-style name (generated site),21,False,
gto-automotive-preview-q5cw,https://github.com/nsheetzdesign/gto-automotive-preview-q5cw,DELETE,preview-style name (generated site),21,False,
gto-automotive-preview-v337,https://github.com/nsheetzdesign/gto-automotive-preview-v337,DELETE,preview-style name (generated site),0,False,
gus-auto-repair-preview-rkbz,https://github.com/nsheetzdesign/gus-auto-repair-preview-rkbz,DELETE,preview-style name (generated site),3,False,
gus-auto-repair-preview-wuo4,https://github.com/nsheetzdesign/gus-auto-repair-preview-wuo4,DELETE,preview-style name (generated site),21,False,
haas-decorating-preview-bcwx,https://github.com/nsheetzdesign/haas-decorating-preview-bcwx,DELETE,preview-style name (generated site),3,False,
haas-decorating-preview-rgjz,https://github.com/nsheetzdesign/haas-decorating-preview-rgjz,DELETE,preview-style name (generated site),21,False,
halsted-auto-repair-preview-vrlg,https://github.com/nsheetzdesign/halsted-auto-repair-preview-vrlg,DELETE,preview-style name (generated site),21,False,
halsted-auto-repair-preview-zhb6,https://github.com/nsheetzdesign/halsted-auto-repair-preview-zhb6,DELETE,preview-style name (generated site),4,False,
hansen-brothers-electricians-llc-preview-jcci,https://github.com/nsheetzdesign/hansen-brothers-electricians-llc-preview-jcci,DELETE,preview-style name (generated site),25,False,
harmonic-home-services---home-renovation-preview-81qs,https://github.com/nsheetzdesign/harmonic-home-services---home-renovation-preview-81qs,DELETE,preview-style name (generated site),21,False,
harmonic-home-services-home-renovation-plumbing-electric-services-preview-4bun,https://github.com/nsheetzdesign/harmonic-home-services-home-renovation-plumbing-electric-services-preview-4bun,DELETE,preview-style name (generated site),0,False,
heating-air-conditioning-in-chicago-preview-gjn8,https://github.com/nsheetzdesign/heating-air-conditioning-in-chicago-preview-gjn8,DELETE,preview-style name (generated site),21,False,
heating-air-conditioning-in-chicago-preview-itdg,https://github.com/nsheetzdesign/heating-air-conditioning-in-chicago-preview-itdg,DELETE,preview-style name (generated site),3,False,
heating-air-conditioning-preview-8ys2,https://github.com/nsheetzdesign/heating-air-conditioning-preview-8ys2,DELETE,preview-style name (generated site),24,False,
heating-and-air-conditioning-in-chicago-preview-m870,https://github.com/nsheetzdesign/heating-and-air-conditioning-in-chicago-preview-m870,DELETE,preview-style name (generated site),21,False,
heating-cooling-service-preview-p1nx,https://github.com/nsheetzdesign/heating-cooling-service-preview-p1nx,DELETE,preview-style name (generated site),3,False,
heating-cooling-service-preview-snpn,https://github.com/nsheetzdesign/heating-cooling-service-preview-snpn,DELETE,preview-style name (generated site),21,False,
hgr-construction-services-llc-preview-1ksz,https://github.com/nsheetzdesign/hgr-construction-services-llc-preview-1ksz,DELETE,preview-style name (generated site),21,False,
hgr-construction-services-llc-preview-mlnc,https://github.com/nsheetzdesign/hgr-construction-services-llc-preview-mlnc,DELETE,preview-style name (generated site),0,False,
higgins-tree-removal-service-preview-qh7q,https://github.com/nsheetzdesign/higgins-tree-removal-service-preview-qh7q,DELETE,preview-style name (generated site),24,False,
hill-avenue-auto-repair-preview-eb12,https://github.com/nsheetzdesign/hill-avenue-auto-repair-preview-eb12,DELETE,preview-style name (generated site),3,False,
hobson-painters-preview-5ul7,https://github.com/nsheetzdesign/hobson-painters-preview-5ul7,DELETE,preview-style name (generated site),3,False,
hobson-painters-preview-qlns,https://github.com/nsheetzdesign/hobson-painters-preview-qlns,DELETE,preview-style name (generated site),21,False,
housekeeping-for-less-preview-qyp0,https://github.com/nsheetzdesign/housekeeping-for-less-preview-qyp0,DELETE,preview-style name (generated site),24,False,
hvac-care-heating-air-conditioning-preview-1s0k,https://github.com/nsheetzdesign/hvac-care-heating-air-conditioning-preview-1s0k,DELETE,preview-style name (generated site),21,False,
hvac-duct-repair-service-preview-5hbz,https://github.com/nsheetzdesign/hvac-duct-repair-service-preview-5hbz,DELETE,preview-style name (generated site),4,False,
hvac-professionals-preview-dqri,https://github.com/nsheetzdesign/hvac-professionals-preview-dqri,DELETE,preview-style name (generated site),3,False,
hvac-professionals-preview-ky4x,https://github.com/nsheetzdesign/hvac-professionals-preview-ky4x,DELETE,preview-style name (generated site),21,False,
in-out-maintenance-preview-yqp7,https://github.com/nsheetzdesign/in-out-maintenance-preview-yqp7,DELETE,preview-style name (generated site),25,False,
iron-roofing-preview-u66g,https://github.com/nsheetzdesign/iron-roofing-preview-u66g,DELETE,preview-style name (generated site),21,False,
iron-roofing-preview-ya0i,https://github.com/nsheetzdesign/iron-roofing-preview-ya0i,DELETE,preview-style name (generated site),0,False,
isaac-s-landscaping-preview-1exl,https://github.com/nsheetzdesign/isaac-s-landscaping-preview-1exl,DELETE,preview-style name (generated site),0,False,
isaacs-landscaping-preview-04l2,https://github.com/nsheetzdesign/isaacs-landscaping-preview-04l2,DELETE,preview-style name (generated site),21,False,
j-congdon-sewer-services-inc-preview-3dp0,https://github.com/nsheetzdesign/j-congdon-sewer-services-inc-preview-3dp0,DELETE,preview-style name (generated site),3,False,
j-congdon-sewer-services-inc-preview-nrmk,https://github.com/nsheetzdesign/j-congdon-sewer-services-inc-preview-nrmk,DELETE,preview-style name (generated site),21,False,
j-j-landscaping-green-inc-preview-t32g,https://github.com/nsheetzdesign/j-j-landscaping-green-inc-preview-t32g,DELETE,preview-style name (generated site),0,False,
j-l-builders-and-handyman-service-preview-3uw2,https://github.com/nsheetzdesign/j-l-builders-and-handyman-service-preview-3uw2,DELETE,preview-style name (generated site),0,False,
jam-plumbing-sewers-preview-85ly,https://github.com/nsheetzdesign/jam-plumbing-sewers-preview-85ly,DELETE,preview-style name (generated site),3,False,
jam-plumbing-sewers-preview-t7xg,https://github.com/nsheetzdesign/jam-plumbing-sewers-preview-t7xg,DELETE,preview-style name (generated site),21,False,
james-harold-beutjer-plumbing-heating-inc-preview-bh5h,https://github.com/nsheetzdesign/james-harold-beutjer-plumbing-heating-inc-preview-bh5h,DELETE,preview-style name (generated site),25,False,
jaski-lawn-landscape-preview-exwq,https://github.com/nsheetzdesign/jaski-lawn-landscape-preview-exwq,DELETE,preview-style name (generated site),21,False,
jaski-lawn-landscape-preview-kd0i,https://github.com/nsheetzdesign/jaski-lawn-landscape-preview-kd0i,DELETE,preview-style name (generated site),0,False,
jj-landscaping-green-inc-preview-ux2v,https://github.com/nsheetzdesign/jj-landscaping-green-inc-preview-ux2v,DELETE,preview-style name (generated site),21,False,
jl-builders-and-handyman-service-preview-do31,https://github.com/nsheetzdesign/jl-builders-and-handyman-service-preview-do31,DELETE,preview-style name (generated site),21,False,
joe-gentile-s-service-center-preview-t7ne,https://github.com/nsheetzdesign/joe-gentile-s-service-center-preview-t7ne,DELETE,preview-style name (generated site),2,False,
joe-gentiles-service-center-preview-q5vt,https://github.com/nsheetzdesign/joe-gentiles-service-center-preview-q5vt,DELETE,preview-style name (generated site),21,False,
jose-tree-care-preview-9bv5,https://github.com/nsheetzdesign/jose-tree-care-preview-9bv5,DELETE,preview-style name (generated site),0,False,
jose-tree-care-preview-fz58,https://github.com/nsheetzdesign/jose-tree-care-preview-fz58,DELETE,preview-style name (generated site),21,False,
js-autoworks-preview-9ff6,https://github.com/nsheetzdesign/js-autoworks-preview-9ff6,DELETE,preview-style name (generated site),3,False,
js-autoworks-preview-ens3,https://github.com/nsheetzdesign/js-autoworks-preview-ens3,DELETE,preview-style name (generated site),21,False,
just-autocare-inc-preview-3qoz,https://github.com/nsheetzdesign/just-autocare-inc-preview-3qoz,DELETE,preview-style name (generated site),21,False,
just-autocare-inc-preview-out8,https://github.com/nsheetzdesign/just-autocare-inc-preview-out8,DELETE,preview-style name (generated site),0,False,
k-b-roofing-landscaping-preview-8i9a,https://github.com/nsheetzdesign/k-b-roofing-landscaping-preview-8i9a,DELETE,preview-style name (generated site),0,False,
kb-roofing-landscaping-preview-i4c5,https://github.com/nsheetzdesign/kb-roofing-landscaping-preview-i4c5,DELETE,preview-style name (generated site),21,False,
ko-heating-and-cooling-preview-nu83,https://github.com/nsheetzdesign/ko-heating-and-cooling-preview-nu83,DELETE,preview-style name (generated site),21,False,
ko-heating-and-cooling-preview-t9o1,https://github.com/nsheetzdesign/ko-heating-and-cooling-preview-t9o1,DELETE,preview-style name (generated site),4,False,
l-o-landscaping-and-sealcoating-llc-preview-odg8,https://github.com/nsheetzdesign/l-o-landscaping-and-sealcoating-llc-preview-odg8,DELETE,preview-style name (generated site),0,False,
lagunas-landscape-preview-33cb,https://github.com/nsheetzdesign/lagunas-landscape-preview-33cb,DELETE,preview-style name (generated site),21,False,
lagunas-landscape-preview-tsj9,https://github.com/nsheetzdesign/lagunas-landscape-preview-tsj9,DELETE,preview-style name (generated site),0,False,
ldk-auto-inc-preview-61dq,https://github.com/nsheetzdesign/ldk-auto-inc-preview-61dq,DELETE,preview-style name (generated site),21,False,
ldk-auto-inc-preview-kjxu,https://github.com/nsheetzdesign/ldk-auto-inc-preview-kjxu,DELETE,preview-style name (generated site),0,False,
lenox-roofing-repairs-inc-preview-nyhu,https://github.com/nsheetzdesign/lenox-roofing-repairs-inc-preview-nyhu,DELETE,preview-style name (generated site),4,False,
les-electric-preview-8agv,https://github.com/nsheetzdesign/les-electric-preview-8agv,DELETE,preview-style name (generated site),25,False,
lockselmhurstil-preview-220r,https://github.com/nsheetzdesign/lockselmhurstil-preview-220r,DELETE,preview-style name (generated site),21,False,
lockselmhurstil-preview-g37b,https://github.com/nsheetzdesign/lockselmhurstil-preview-g37b,DELETE,preview-style name (generated site),3,False,
lombard-automotive-repair-inc-preview-mnoo,https://github.com/nsheetzdesign/lombard-automotive-repair-inc-preview-mnoo,DELETE,preview-style name (generated site),21,False,
lombard-automotive-repair-inc-preview-spcf,https://github.com/nsheetzdesign/lombard-automotive-repair-inc-preview-spcf,DELETE,preview-style name (generated site),0,False,
lombard-il-janitorial-service-commercial-cleaning-cleaning-service-preview-6cy4,https://github.com/nsheetzdesign/lombard-il-janitorial-service-commercial-cleaning-cleaning-service-preview-6cy4,DELETE,preview-style name (generated site),3,False,
lombard-il-janitorial-service-commercial-preview-ue2b,https://github.com/nsheetzdesign/lombard-il-janitorial-service-commercial-preview-ue2b,DELETE,preview-style name (generated site),21,False,
lombard-landscaping-by-morris-ldc-preview-qgt0,https://github.com/nsheetzdesign/lombard-landscaping-by-morris-ldc-preview-qgt0,DELETE,preview-style name (generated site),2,False,
lopez-roofing-inc-preview-g0ku,https://github.com/nsheetzdesign/lopez-roofing-inc-preview-g0ku,DELETE,preview-style name (generated site),24,False,
m-j-all-in-one-auto-repair-preview-o2v0,https://github.com/nsheetzdesign/m-j-all-in-one-auto-repair-preview-o2v0,DELETE,preview-style name (generated site),24,False,
m-w-lawncare-preview-yw8l,https://github.com/nsheetzdesign/m-w-lawncare-preview-yw8l,DELETE,preview-style name (generated site),23,False,
main-guys-auto-and-tire-repair-preview-advu,https://github.com/nsheetzdesign/main-guys-auto-and-tire-repair-preview-advu,DELETE,preview-style name (generated site),21,False,
main-guys-auto-and-tire-repair-preview-risl,https://github.com/nsheetzdesign/main-guys-auto-and-tire-repair-preview-risl,DELETE,preview-style name (generated site),0,False,
mark-s-tree-service-preview-wq95,https://github.com/nsheetzdesign/mark-s-tree-service-preview-wq95,DELETE,preview-style name (generated site),0,False,
marks-tree-service-preview-i5iy,https://github.com/nsheetzdesign/marks-tree-service-preview-i5iy,DELETE,preview-style name (generated site),21,False,
martinez-auto-repair-preview-oowt,https://github.com/nsheetzdesign/martinez-auto-repair-preview-oowt,DELETE,preview-style name (generated site),0,False,
martinez-auto-repair-preview-rjv0,https://github.com/nsheetzdesign/martinez-auto-repair-preview-rjv0,DELETE,preview-style name (generated site),21,False,
mattco-electrical-services-preview-504c,https://github.com/nsheetzdesign/mattco-electrical-services-preview-504c,DELETE,preview-style name (generated site),0,False,
mattco-electrical-services-preview-q9ww,https://github.com/nsheetzdesign/mattco-electrical-services-preview-q9ww,DELETE,preview-style name (generated site),21,False,
maxi-cleaners-preview-9avg,https://github.com/nsheetzdesign/maxi-cleaners-preview-9avg,DELETE,preview-style name (generated site),25,False,
maxx-electrician-preview-8xi8,https://github.com/nsheetzdesign/maxx-electrician-preview-8xi8,DELETE,preview-style name (generated site),0,False,
maxx-electrician-preview-byew,https://github.com/nsheetzdesign/maxx-electrician-preview-byew,DELETE,preview-style name (generated site),21,False,
may-aire-heating-cooling-co-inc-preview-9uhe,https://github.com/nsheetzdesign/may-aire-heating-cooling-co-inc-preview-9uhe,DELETE,preview-style name (generated site),25,False,
mb-auto-inc-preview-mm5z,https://github.com/nsheetzdesign/mb-auto-inc-preview-mm5z,DELETE,preview-style name (generated site),21,False,
mb-auto-inc-preview-oauf,https://github.com/nsheetzdesign/mb-auto-inc-preview-oauf,DELETE,preview-style name (generated site),3,False,
mdl-tree-service-inc-preview-9ypr,https://github.com/nsheetzdesign/mdl-tree-service-inc-preview-9ypr,DELETE,preview-style name (generated site),4,False,
mdl-tree-service-inc-preview-u3dn,https://github.com/nsheetzdesign/mdl-tree-service-inc-preview-u3dn,DELETE,preview-style name (generated site),21,False,
michael-hvac-cleaners-preview-sn86,https://github.com/nsheetzdesign/michael-hvac-cleaners-preview-sn86,DELETE,preview-style name (generated site),21,False,
michael-hvac-cleaners-preview-un30,https://github.com/nsheetzdesign/michael-hvac-cleaners-preview-un30,DELETE,preview-style name (generated site),0,False,
midwest-landscape-design-preview-17iq,https://github.com/nsheetzdesign/midwest-landscape-design-preview-17iq,DELETE,preview-style name (generated site),24,False,
midwest-landscaping-inc-preview-2k70,https://github.com/nsheetzdesign/midwest-landscaping-inc-preview-2k70,DELETE,preview-style name (generated site),21,False,
midwest-landscaping-inc-preview-nbqi,https://github.com/nsheetzdesign/midwest-landscaping-inc-preview-nbqi,DELETE,preview-style name (generated site),3,False,
midwest-premier-construction-inc-preview-oy0a,https://github.com/nsheetzdesign/midwest-premier-construction-inc-preview-oy0a,DELETE,preview-style name (generated site),0,False,
my-auto-repair-preview-bvtv,https://github.com/nsheetzdesign/my-auto-repair-preview-bvtv,DELETE,preview-style name (generated site),24,False,
n-p-handyman-painter-preview-egve,https://github.com/nsheetzdesign/n-p-handyman-painter-preview-egve,DELETE,preview-style name (generated site),21,False,
nahum-s-cleaning-service-company-preview-9qlw,https://github.com/nsheetzdesign/nahum-s-cleaning-service-company-preview-9qlw,DELETE,preview-style name (generated site),3,False,
nahums-cleaning-service-company-preview-33n1,https://github.com/nsheetzdesign/nahums-cleaning-service-company-preview-33n1,DELETE,preview-style name (generated site),21,False,
naperville-heating-and-cooling-preview-zskq,https://github.com/nsheetzdesign/naperville-heating-and-cooling-preview-zskq,DELETE,preview-style name (generated site),26,False,
naperville-heating-cooling-preview-7x2m,https://github.com/nsheetzdesign/naperville-heating-cooling-preview-7x2m,DELETE,preview-style name (generated site),0,False,
naperville-heating-cooling-preview-tcxm,https://github.com/nsheetzdesign/naperville-heating-cooling-preview-tcxm,DELETE,preview-style name (generated site),21,False,
naperville-plumbing-solution-preview-s9jk,https://github.com/nsheetzdesign/naperville-plumbing-solution-preview-s9jk,DELETE,preview-style name (generated site),25,False,
naperville-roof-repair-preview-2o7j,https://github.com/nsheetzdesign/naperville-roof-repair-preview-2o7j,DELETE,preview-style name (generated site),21,False,
naperville-roof-repair-preview-njv9,https://github.com/nsheetzdesign/naperville-roof-repair-preview-njv9,DELETE,preview-style name (generated site),3,False,
nicholson-electrical-contracting-preview-k2ht,https://github.com/nsheetzdesign/nicholson-electrical-contracting-preview-k2ht,DELETE,preview-style name (generated site),4,False,
nicholson-electrical-contracting-preview-lvhv,https://github.com/nsheetzdesign/nicholson-electrical-contracting-preview-lvhv,DELETE,preview-style name (generated site),21,False,
nielsen-s-car-clinic-preview-zprv,https://github.com/nsheetzdesign/nielsen-s-car-clinic-preview-zprv,DELETE,preview-style name (generated site),24,False,
noonan-fencing-s-deck-contractors-preview-rrt4,https://github.com/nsheetzdesign/noonan-fencing-s-deck-contractors-preview-rrt4,DELETE,preview-style name (generated site),0,False,
noonan-fencings-deck-contractors-preview-3hm2,https://github.com/nsheetzdesign/noonan-fencings-deck-contractors-preview-3hm2,DELETE,preview-style name (generated site),21,False,
noonan-roofing-service-preview-0sf7,https://github.com/nsheetzdesign/noonan-roofing-service-preview-0sf7,DELETE,preview-style name (generated site),21,False,
noonan-roofing-service-preview-jqgx,https://github.com/nsheetzdesign/noonan-roofing-service-preview-jqgx,DELETE,preview-style name (generated site),0,False,
official-landscaping-inc-preview-98mn,https://github.com/nsheetzdesign/official-landscaping-inc-preview-98mn,DELETE,preview-style name (generated site),21,False,
official-landscaping-inc-preview-ud8d,https://github.com/nsheetzdesign/official-landscaping-inc-preview-ud8d,DELETE,preview-style name (generated site),0,False,
orlandos-landscaping-preview-fj2b,https://github.com/nsheetzdesign/orlandos-landscaping-preview-fj2b,DELETE,preview-style name (generated site),21,False,
orlandos-landscaping-preview-kcl0,https://github.com/nsheetzdesign/orlandos-landscaping-preview-kcl0,DELETE,preview-style name (generated site),3,False,
p-l-auto-truck-clinic-inc-preview-99ub,https://github.com/nsheetzdesign/p-l-auto-truck-clinic-inc-preview-99ub,DELETE,preview-style name (generated site),0,False,
pacific-electrical-contracting-preview-2bzu,https://github.com/nsheetzdesign/pacific-electrical-contracting-preview-2bzu,DELETE,preview-style name (generated site),3,False,
palazzo-painting-decorating-preview-f05g,https://github.com/nsheetzdesign/palazzo-painting-decorating-preview-f05g,DELETE,preview-style name (generated site),21,False,
palazzo-painting-decorating-preview-nmz5,https://github.com/nsheetzdesign/palazzo-painting-decorating-preview-nmz5,DELETE,preview-style name (generated site),0,False,
pat-s-total-home-repair-inc-preview-xsf8,https://github.com/nsheetzdesign/pat-s-total-home-repair-inc-preview-xsf8,DELETE,preview-style name (generated site),0,False,
pauli-s-service-inc-preview-qzyk,https://github.com/nsheetzdesign/pauli-s-service-inc-preview-qzyk,DELETE,preview-style name (generated site),0,False,
paulis-service-inc-preview-eq3t,https://github.com/nsheetzdesign/paulis-service-inc-preview-eq3t,DELETE,preview-style name (generated site),21,False,
pearson-electrical-services-preview-gevr,https://github.com/nsheetzdesign/pearson-electrical-services-preview-gevr,DELETE,preview-style name (generated site),0,False,
pearson-electrical-services-preview-hpc5,https://github.com/nsheetzdesign/pearson-electrical-services-preview-hpc5,DELETE,preview-style name (generated site),21,False,
phan-auto-repair-preview-33b5,https://github.com/nsheetzdesign/phan-auto-repair-preview-33b5,DELETE,preview-style name (generated site),24,False,
phil-walz-plumbing-inc-preview-hfef,https://github.com/nsheetzdesign/phil-walz-plumbing-inc-preview-hfef,DELETE,preview-style name (generated site),3,False,
pm-mechanics-preview-974a,https://github.com/nsheetzdesign/pm-mechanics-preview-974a,DELETE,preview-style name (generated site),24,False,
premium-fencing-s-and-decks-preview-msfc,https://github.com/nsheetzdesign/premium-fencing-s-and-decks-preview-msfc,DELETE,preview-style name (generated site),0,False,
pro-electrician-team-preview-8jl7,https://github.com/nsheetzdesign/pro-electrician-team-preview-8jl7,DELETE,preview-style name (generated site),3,False,
profinish-painting-decorating-preview-y4of,https://github.com/nsheetzdesign/profinish-painting-decorating-preview-y4of,DELETE,preview-style name (generated site),0,False,
progressive-painting-wallcoverings-preview-8s83,https://github.com/nsheetzdesign/progressive-painting-wallcoverings-preview-8s83,DELETE,preview-style name (generated site),0,False,
pros-hvac-duct-cleaning-preview-vu53,https://github.com/nsheetzdesign/pros-hvac-duct-cleaning-preview-vu53,DELETE,preview-style name (generated site),3,False,
pros-hvacduct-cleaning-preview-9e92,https://github.com/nsheetzdesign/pros-hvacduct-cleaning-preview-9e92,DELETE,preview-style name (generated site),21,False,
quality-hvac-repair-service-preview-tkcb,https://github.com/nsheetzdesign/quality-hvac-repair-service-preview-tkcb,DELETE,preview-style name (generated site),3,False,
quality-lawn-care-inc-preview-fur1,https://github.com/nsheetzdesign/quality-lawn-care-inc-preview-fur1,DELETE,preview-style name (generated site),0,False,
quality-lawn-care-inc-preview-yac1,https://github.com/nsheetzdesign/quality-lawn-care-inc-preview-yac1,DELETE,preview-style name (generated site),21,False,
quality-painters-of-chicago-preview-khp6,https://github.com/nsheetzdesign/quality-painters-of-chicago-preview-khp6,DELETE,preview-style name (generated site),24,False,
quickfix-electrician-services-preview-3vdp,https://github.com/nsheetzdesign/quickfix-electrician-services-preview-3vdp,DELETE,preview-style name (generated site),21,False,
quickfix-electrician-services-preview-yvob,https://github.com/nsheetzdesign/quickfix-electrician-services-preview-yvob,DELETE,preview-style name (generated site),3,False,
r-d-fence-preview-ijgi,https://github.com/nsheetzdesign/r-d-fence-preview-ijgi,DELETE,preview-style name (generated site),21,False,
r-d-fence-preview-urhh,https://github.com/nsheetzdesign/r-d-fence-preview-urhh,DELETE,preview-style name (generated site),0,False,
r-d-tree-service-preview-fuce,https://github.com/nsheetzdesign/r-d-tree-service-preview-fuce,DELETE,preview-style name (generated site),0,False,
r-d-tree-service-preview-ko67,https://github.com/nsheetzdesign/r-d-tree-service-preview-ko67,DELETE,preview-style name (generated site),21,False,
r-t-s-services-inc-preview-tv62,https://github.com/nsheetzdesign/r-t-s-services-inc-preview-tv62,DELETE,preview-style name (generated site),0,False,
regan-restoration-preview-33we,https://github.com/nsheetzdesign/regan-restoration-preview-33we,DELETE,preview-style name (generated site),24,False,
reliance-heating-and-cooling-preview-wso9,https://github.com/nsheetzdesign/reliance-heating-and-cooling-preview-wso9,DELETE,preview-style name (generated site),3,False,
rich-s-painting-decorating-preview-27qg,https://github.com/nsheetzdesign/rich-s-painting-decorating-preview-27qg,DELETE,preview-style name (generated site),24,False,
rts-services-inc-preview-kmzx,https://github.com/nsheetzdesign/rts-services-inc-preview-kmzx,DELETE,preview-style name (generated site),21,False,
ruiz-superb-handyman-services-preview-e6fs,https://github.com/nsheetzdesign/ruiz-superb-handyman-services-preview-e6fs,DELETE,preview-style name (generated site),3,False,
s-m-s-services-preview-5z6u,https://github.com/nsheetzdesign/s-m-s-services-preview-5z6u,DELETE,preview-style name (generated site),0,False,
seasonal-home-care-preview-8gag,https://github.com/nsheetzdesign/seasonal-home-care-preview-8gag,DELETE,preview-style name (generated site),47,False,
sheffield-brothers-roofing-co-preview-vtfb,https://github.com/nsheetzdesign/sheffield-brothers-roofing-co-preview-vtfb,DELETE,preview-style name (generated site),25,False,
simon-s-painting-preview-lq3b,https://github.com/nsheetzdesign/simon-s-painting-preview-lq3b,DELETE,preview-style name (generated site),3,False,
sms-services-preview-igcv,https://github.com/nsheetzdesign/sms-services-preview-igcv,DELETE,preview-style name (generated site),21,False,
soto-sewer-inc-preview-j2nv,https://github.com/nsheetzdesign/soto-sewer-inc-preview-j2nv,DELETE,preview-style name (generated site),0,False,
stellar-fence-s-decks-preview-8m4n,https://github.com/nsheetzdesign/stellar-fence-s-decks-preview-8m4n,DELETE,preview-style name (generated site),0,False,
stellar-fences-decks-preview-ylbt,https://github.com/nsheetzdesign/stellar-fences-decks-preview-ylbt,DELETE,preview-style name (generated site),21,False,
stl-painting-llc-preview-a6y7,https://github.com/nsheetzdesign/stl-painting-llc-preview-a6y7,DELETE,preview-style name (generated site),0,False,
stopani-heating-air-conditioning-preview-cwbd,https://github.com/nsheetzdesign/stopani-heating-air-conditioning-preview-cwbd,DELETE,preview-style name (generated site),21,False,
stopani-heating-air-conditioning-preview-gojp,https://github.com/nsheetzdesign/stopani-heating-air-conditioning-preview-gojp,DELETE,preview-style name (generated site),0,False,
suarez-fence-co-preview-yza4,https://github.com/nsheetzdesign/suarez-fence-co-preview-yza4,DELETE,preview-style name (generated site),24,False,
superior-hvac-repair-service-preview-jbcq,https://github.com/nsheetzdesign/superior-hvac-repair-service-preview-jbcq,DELETE,preview-style name (generated site),24,False,
tech-365-heating-cooling-llc-preview-tmva,https://github.com/nsheetzdesign/tech-365-heating-cooling-llc-preview-tmva,DELETE,preview-style name (generated site),25,False,
tege-s-cleaning-service-preview-ybhe,https://github.com/nsheetzdesign/tege-s-cleaning-service-preview-ybhe,DELETE,preview-style name (generated site),25,False,
test-plumbing-co-preview-wmay,https://github.com/nsheetzdesign/test-plumbing-co-preview-wmay,DELETE,preview-style name (generated site),3,False,
the-glen-ellyn-builder-cooling-preview-80ev,https://github.com/nsheetzdesign/the-glen-ellyn-builder-cooling-preview-80ev,DELETE,preview-style name (generated site),0,False,
the-glen-ellyn-builder-cooling-preview-zfdl,https://github.com/nsheetzdesign/the-glen-ellyn-builder-cooling-preview-zfdl,DELETE,preview-style name (generated site),21,False,
theo-electric-inc-preview-p5kf,https://github.com/nsheetzdesign/theo-electric-inc-preview-p5kf,DELETE,preview-style name (generated site),21,False,
theo-electric-inc-preview-vk0x,https://github.com/nsheetzdesign/theo-electric-inc-preview-vk0x,DELETE,preview-style name (generated site),0,False,
thompson-tree-removal-preview-1es7,https://github.com/nsheetzdesign/thompson-tree-removal-preview-1es7,DELETE,preview-style name (generated site),0,False,
tip-top-tree-pros-preview-rhw8,https://github.com/nsheetzdesign/tip-top-tree-pros-preview-rhw8,DELETE,preview-style name (generated site),0,False,
tj-auto-repair-ltd-preview-qkjh,https://github.com/nsheetzdesign/tj-auto-repair-ltd-preview-qkjh,DELETE,preview-style name (generated site),21,False,
tj-auto-repair-ltd-preview-zd8n,https://github.com/nsheetzdesign/tj-auto-repair-ltd-preview-zd8n,DELETE,preview-style name (generated site),0,False,
tm-mechanical-hvacr-preview-bbhx,https://github.com/nsheetzdesign/tm-mechanical-hvacr-preview-bbhx,DELETE,preview-style name (generated site),21,False,
trl-electric-preview-2ytk,https://github.com/nsheetzdesign/trl-electric-preview-2ytk,DELETE,preview-style name (generated site),0,False,
trl-electric-preview-am7j,https://github.com/nsheetzdesign/trl-electric-preview-am7j,DELETE,preview-style name (generated site),21,False,
undefined-preview-uj2n,https://github.com/nsheetzdesign/undefined-preview-uj2n,DELETE,preview-style name (generated site),0,False,
undefined-preview-zhtr,https://github.com/nsheetzdesign/undefined-preview-zhtr,DELETE,preview-style name (generated site),3,False,
undercutters-preview-7cnx,https://github.com/nsheetzdesign/undercutters-preview-7cnx,DELETE,preview-style name (generated site),21,False,
undercutters-preview-dw8y,https://github.com/nsheetzdesign/undercutters-preview-dw8y,DELETE,preview-style name (generated site),0,False,
urs-roofing-companies-roofing-contractors-preview-kd3t,https://github.com/nsheetzdesign/urs-roofing-companies-roofing-contractors-preview-kd3t,DELETE,preview-style name (generated site),25,False,
village-garage-and-tire-preview-gd0p,https://github.com/nsheetzdesign/village-garage-and-tire-preview-gd0p,DELETE,preview-style name (generated site),21,False,
village-garage-and-tire-preview-gtby,https://github.com/nsheetzdesign/village-garage-and-tire-preview-gtby,DELETE,preview-style name (generated site),0,False,
we-fix-all-llc-handyman-service-preview-1m5h,https://github.com/nsheetzdesign/we-fix-all-llc-handyman-service-preview-1m5h,DELETE,preview-style name (generated site),21,False,
we-fix-all-llc-handyman-service-preview-lfml,https://github.com/nsheetzdesign/we-fix-all-llc-handyman-service-preview-lfml,DELETE,preview-style name (generated site),0,False,
weber-s-tree-cutting-preview-c4be,https://github.com/nsheetzdesign/weber-s-tree-cutting-preview-c4be,DELETE,preview-style name (generated site),0,False,
webers-tree-cutting-preview-ft1l,https://github.com/nsheetzdesign/webers-tree-cutting-preview-ft1l,DELETE,preview-style name (generated site),21,False,
well-done-roofing-wheaton-il-preview-971n,https://github.com/nsheetzdesign/well-done-roofing-wheaton-il-preview-971n,DELETE,preview-style name (generated site),0,False,
well-done-roofing-wheaton-il-preview-gag9,https://github.com/nsheetzdesign/well-done-roofing-wheaton-il-preview-gag9,DELETE,preview-style name (generated site),21,False,
wesley-auto-body-shop-preview-h072,https://github.com/nsheetzdesign/wesley-auto-body-shop-preview-h072,DELETE,preview-style name (generated site),24,False,
wheaton-furnace-repair-preview-r6iu,https://github.com/nsheetzdesign/wheaton-furnace-repair-preview-r6iu,DELETE,preview-style name (generated site),0,False,
wheaton-roofing-preview-vayi,https://github.com/nsheetzdesign/wheaton-roofing-preview-vayi,DELETE,preview-style name (generated site),24,False,
wheatoncarlocksil-preview-jw5g,https://github.com/nsheetzdesign/wheatoncarlocksil-preview-jw5g,DELETE,preview-style name (generated site),24,False,
y-b-roofing-inc-preview-ipxi,https://github.com/nsheetzdesign/y-b-roofing-inc-preview-ipxi,DELETE,preview-style name (generated site),3,False,
yb-roofing-inc-preview-z28z,https://github.com/nsheetzdesign/yb-roofing-inc-preview-z28z,DELETE,preview-style name (generated site),21,False,
Pomodoro,https://github.com/nsheetzdesign/Pomodoro,KEEP,protected (law),96,False,
backofhouse-pro,https://github.com/nsheetzdesign/backofhouse-pro,KEEP,protected (law),2202,False,
envision3-platform,https://github.com/nsheetzdesign/envision3-platform,KEEP,protected (law),5938,False,
holix,https://github.com/nsheetzdesign/holix,KEEP,protected (law),475,False,
holix-platform,https://github.com/nsheetzdesign/holix-platform,KEEP,protected (law),4340,False,
n8n-workflows,https://github.com/nsheetzdesign/n8n-workflows,KEEP,protected (law),210,False,
nicksheetz,https://github.com/nsheetzdesign/nicksheetz,KEEP,protected (law),767,False,
saas-factory-template,https://github.com/nsheetzdesign/saas-factory-template,KEEP,protected (law),771,False,
sheetzlabs-os,https://github.com/nsheetzdesign/sheetzlabs-os,KEEP,protected (law),188284,False,
telosi-marketing,https://github.com/nsheetzdesign/telosi-marketing,KEEP,protected (law),195,False,
telosi-platform,https://github.com/nsheetzdesign/telosi-platform,KEEP,protected (law),513312,False,
website-templates,https://github.com/nsheetzdesign/website-templates,KEEP,protected (law),26,False,
